{"est_az": [3.2288591161895095, 1.5707963267948966, 0.08726646259971647], "true_az": [90.0, 0.0, 63.4349479675293], "az_RMS": 1.9835931216469234, "alpha": "Gaussian", "true_pos": [0.0, 63.4349479675293, 90.0], "time": 0.7119317054748535, "power_spec": [33.01863228854342, 33.931316272467605, 17.176134680420788, 10.109342836173173, 6.925971772647149, 5.29107351465777, 4.392503754901345, 3.9113712550001583, 3.710055615910542, 3.736662676383747, 3.9950180092332985, 4.543133144047542, 5.512452829366186, 7.157747215680162, 9.98215557984452, 16.45784340123648, 22.099885640462198, 29.154904603148957, 30.633703783231454, 21.522009094756598, 12.971068938227893, 8.668317889831439, 6.0996626447282924, 4.481368080534106, 3.4583805787404653, 2.8039109599710765, 2.380823687390472, 2.1117192242161087, 1.9538454793373772, 1.8854513035333587, 1.8994191741762791, 2.001405100037649, 2.211462066892379, 2.5682967353474417, 3.131998235048423, 4.002308940550088, 5.431391734218709, 6.306669580659966, 5.265037715550176, 4.148904293838456, 3.369965213264461, 2.874376059550826, 2.590019515236312, 2.4487437370526433, 2.407445509456647, 2.4433550366076204, 2.542389438702612, 2.683234916025587, 2.829644332175696, 2.9590297327039536, 3.0807457546389254, 3.273081588285704, 3.877018402723431, 5.934047078558734, 4.1278157977446055, 3.915354371520583, 3.9132845357481054, 3.8022105306924177, 3.539160756376718, 3.2677867515898065, 3.073099688002932, 2.973537003706823, 2.9777843155653856, 3.0019138273694335, 3.071900280090527, 3.3192022872421605, 3.8079385762083406, 4.635311357483981, 5.99638780194624, 8.35210122014037, 13.100727737022577, 25.77341600959884]}