{"est_az": [1.9198621771937625, 1.0471975511965976, 1.2217304763960306], "true_az": [2.1910457611083984, 1.5182132720947266, 0.9505468606948853], "az_RMS": 0.2283436340138773, "alpha": 1.2, "true_pos": [0.9505468606948853, 1.5182132720947266, 2.1910457611083984], "time": 0.7245213985443115, "power_spec": [6.292181311168463, 6.5117988640160185, 6.1468912699973135, 6.27777815829256, 6.3466243842255805, 6.9926633641766, 8.191659728234058, 8.383612684564486, 8.507706357145821, 8.585514296705512, 8.384668851954023, 9.547652487956759, 11.359405889335287, 11.230467660469708, 13.000121878034271, 9.94523339269661, 8.078012786532215, 8.188883969109412, 7.202221401115603, 7.203236771738137, 7.918954966216505, 10.806663542373665, 10.876884033840225, 9.168891987101269, 8.454792085392873, 8.80485307835785, 9.657427330567664, 9.041935461218394, 7.994836329261641, 7.150891142469446, 6.293802982620297, 5.770006523756467, 5.363899186568673, 5.451053480993195, 5.619013742551394, 5.627270319122259, 5.11719243291112, 4.321941459879315, 4.010060869346461, 3.9236539521235105, 3.9343501637849796, 3.979554986260377, 4.110067481813872, 4.44944159584245, 5.154348383253023, 5.848296637131149, 6.346190483877912, 6.566744091944376, 6.526818819349021, 6.506353036345406, 6.873347732183531, 7.537261781860828, 7.118540578508605, 6.709935694375906, 6.601515637554522, 6.356778118207021, 5.094962426425547, 4.75974275000787, 4.587524095337703, 4.444572943010646, 4.323473924068996, 4.248007660588567, 4.246537752080227, 4.26430157581729, 4.361079056457949, 4.605817277834783, 5.372722915729424, 6.793882403846789, 5.2196590678717225, 4.598520769640139, 4.813426846665237, 5.400331684959317]}