{"est_az": [3.141592653589793, 0.3490658503988659, 0.7853981633974483], "true_az": [90.0, 45.0, 63.4349479675293], "az_RMS": 37.31162881419269, "alpha": 1.2, "true_pos": [45.0, 63.4349479675293, 90.0], "time": 0.7458298206329346, "power_spec": [4.22222249158468, 5.3871896346725325, 6.827795009920881, 8.407889493203367, 14.185922289147348, 13.375731877519957, 13.601596711040585, 16.863190933358204, 21.268762065419498, 25.538539277450226, 20.459434080527885, 18.771109075137957, 17.8882115821191, 14.928988960219929, 12.340788427948869, 10.91764444863205, 9.990315055197426, 9.252634555803123, 8.834534352208895, 8.561762732409276, 7.87382557142665, 6.428726013139422, 5.192775687348673, 4.344734022655505, 3.7837398747359776, 3.4281313596750094, 3.22541354011717, 3.143563016079172, 3.166746094952675, 3.299433751965572, 3.568238794077242, 4.02802004606365, 4.719560121746988, 5.544459688028217, 6.2520841099079245, 6.862093084921673, 7.209643869415522, 6.1761553985647275, 4.929318065845258, 3.9628787806910397, 3.3500776801715455, 2.9266586016909386, 2.6301558595203316, 2.4372863231821347, 2.3230944722424756, 2.272161536489755, 2.269618024816915, 2.2957384646474512, 2.3510808938523846, 2.4326961152325035, 2.525983930372116, 2.662295457613104, 2.8973010105639805, 3.3029153946562033, 3.899581939599762, 4.3958480628343555, 5.386005501828709, 6.98896715817957, 5.7804047571662185, 5.158498294888522, 4.579321959590981, 3.886295662037919, 3.2062796380614254, 2.756498100953947, 2.491792673171266, 2.3463087437799213, 2.2893510581449577, 2.3113558498437063, 2.414955245278084, 2.613662453533296, 2.937348216017219, 3.4427227894515537]}