{"est_az": [1.3962634015954636, 2.2689280275926285, 2.5307274153917776], "true_az": [2.1910457611083984, 1.5182132720947266, 0.9505468606948853], "az_RMS": 0.2131674182453788, "alpha": 1.2, "true_pos": [0.9505468606948853, 1.5182132720947266, 2.1910457611083984], "time": 0.7321534156799316, "power_spec": [5.055758728257604, 4.987410608699734, 5.039546547034908, 5.227006990966932, 5.410150021049166, 5.893532936695146, 6.94189975247244, 8.547397575611157, 10.113334487385012, 10.324279074418861, 9.789289618190345, 9.316579453901948, 9.089540220883638, 10.502727171878192, 11.74630580339496, 15.012741735261661, 15.326317353618101, 12.160922402299704, 13.458456262706939, 14.366362657740964, 12.029537243697206, 11.937974953305476, 12.473440720760607, 12.36140205632371, 12.490341851315344, 13.07224035720662, 15.578692449917027, 14.106005463082488, 13.671815333741757, 24.012512296902806, 8.417728849260731, 6.401250812037842, 5.573862867753215, 4.945121877281908, 4.4394116747173635, 4.320147505330689, 3.856344435550042, 3.4887797398867977, 3.366818918183074, 3.3467133673459344, 3.3829914387569096, 3.4596518702864922, 3.607739308276504, 3.8759531382108756, 4.3289067743683844, 5.1045985227016235, 5.295761290746784, 4.977064928671638, 5.280662343155626, 6.0389104551546, 7.185795746915442, 7.583776997027259, 7.026589352763011, 6.839604756380449, 5.892995525856621, 5.36178899996765, 5.333173305685789, 5.313348417854128, 4.815952876670831, 4.518556337984561, 4.2580854444131475, 4.085745174377369, 4.17504708083889, 4.57771481230604, 4.064623003225583, 3.692410147330543, 3.8257599576100842, 4.595068323790547, 4.081815200108141, 4.533335874576018, 5.095781644919235, 5.063840517401722]}